{"marker":[[0,[101.0712681112305,6.964253735721982],"AREA I"],[0,[106.64352556839094,0.7435480721930219],"AREA II"],[0,[114.35742040648012,5.699546057254977],"AREA III"],[0,[123.66691023189424,6.511956472786466],"AREA IV"]],"text":[["AREA I",[101.01858922974174,0.5232546028649381]],["AREA II",[106.81329067148596,-6.847034953713006]],["AREA III",[113.56316268055167,-8.046690238923802]],["AREA IV",[124.00636088325587,0.33222590134809593]]],"lines":[[[101.08481106825366,1.263605451425164],[101.07897954043028,4.835377650684009]],[[106.66891148444091,-6.166331932616103],[106.55569662599657,-1.3453872297890825]],[[114.18665816812614,-7.780715626593775],[114.43365889021061,3.7317788146684734]],[[123.91215933743354,0.7974290234357255],[123.79625291175427,4.37284476076772]]]}