{"marker":[[0,[101.23651053709233,6.476032884417776],"TREG-1"],[0,[106.94548297826606,-0.972107409047041],"TREG-2"],[0,[108.32173306228805,3.562784569029546],"TREG-3"],[0,[110.89648786963573,-1.129975943467187],"TREG-4"],[0,[117.51731470576419,-2.2551253600424417],"TREG-5"],[0,[113.8566016770439,6.15781701537307],"TREG-6"],[0,[122.4586682997392,6.139529231153531],"TREG-7"]],"text":[["TREG-1",[101.36094610573787,-0.06243514705091968]],["TREG-2",[106.48350836676184,-6.133728226358841]],["TREG-3",[107.6574288849128,-7.7756601269119585]],["TREG-4",[110.218710015424,-6.133728226358841]],["TREG-5",[117.63575328919802,-8.726187329485043]],["TREG-6",[114.32743182895416,-0.16915496078162562]],["TREG-7",[122.70495552667006,0.25772411280493657]]],"lines":[[[101.1077399636759,0.5770976410387192],[101.16803429749353,4.345652075539505]],[[106.85260845899103,-6.065866037715793],[106.86152636919468,-3.2481350837356615]],[[107.92872684024042,-6.499053546452174],[108.35924856294014,1.4441961997562203]],[[110.49510611874507,-7.06599301488194],[110.76918930506594,-3.3403146432854243]],[[117.64352081004927,-4.395985794634427],[117.80141596013857,-8.425139398251758]],[[114.048913174863,0.33489727709095973],[113.98280778133062,4.025619919396064]],[[122.6447968868481,0.8753765795757715],[122.4961838003897,3.9854677401357463]]]}