{"marker":[[0,[98.4455156774979,7.79372117526664],"01-SUMBAGUT"],[0,[104.05245125119757,8.195851854610225],"02-SUMBAGSEL"],[0,[106.53026377484412,0.3242403813303554],"03-JABOTABEK INNER"],[0,[107.93569663175936,-3.523145761191657],"04-JAWA BARAT"],[0,[110.64516812134877,3.5929580748825316],"05-JAWA TENGAH"],[0,[112.44733613149276,-4.443481933910434],"06-JAWA TIMUR"],[0,[118.2576604723078,-5.16040210964529],"07-BALI NUSRA"],[0,[113.52137192018029,7.37827271420521],"08-KALIMANTAN"],[0,[119.90281199716793,6.300104489918667],"09-SULAWESI"],[0,[101.60744985982336,4.370102900841985],"10-SUMBAGTENG"],[0,[132.58631822572272,3.121753542700546],"11-PUMA"],[0,[106.18013264912759,4.978703572037574],"12-JABOTABEK OUTER"]],"text":[["01-SUMBAGUT",[98.32530792185077,2.5401265839919347]],["02-SUMBAGSEL",[103.27782339954058,-3.593495083775835]],["03-JABOTABEK INNER",[104.68988172376669,-6.907155640787622]],["04-JAWA BARAT",[107.36903183763286,-7.504021139283154]],["05-JAWA TENGAH",[109.14547760680455,-8.1972696929258]],["06-JAWA TIMUR",[112.16005224539907,-8.836123098296667]],["07-BALI NUSRA",[117.92004307271304,-9.261416015154552]],["08-KALIMANTAN",[113.7211712546706,-0.31211881115152096]],["09-SULAWESI",[120.45013250153221,-1.819101912378386]],["10-SUMBAGTENG",[100.8038119722404,0.11603446828534913]],["11-PUMA",[132.5622627458838,-1.3886181430553677]],["12-JABOTABEK OUTER",[101.55520932034386,-6.274856533723195]]],"lines":[[[98.4761264066264,5.66407309132174],[98.4761264066264,3.2441095754617635]],[[104.01325328459592,6.092366513671905],[104.01325328459592,-2.8198396823987792]],[[106.65298070747798,-6.157948044396264],[106.65298070747798,-1.735508040975219]],[[107.82478829437736,-6.775934847127431],[107.82478829437736,-5.600197099810913]],[[110.59280688060647,1.4116750136630145],[110.59280688060647,-7.180133459714085]],[[112.48329981276305,-7.551155437708331],[112.46559953040384,-6.605020713311205]],[[118.37918393489906,-8.496936008855968],[118.37918393489906,-7.282172008152472]],[[113.7122172995364,0.023614627669985566],[113.7122172995364,5.256199937123341]],[[119.95829978432897,-1.418536270055057],[119.95829978432897,4.113858722619881]],[[132.57540893172182,-0.837256735347367],[132.57540893172182,1.0291976703421142]],[[101.37178226058097,0.6391611267080037],[101.37178226058097,2.15278162612222]],[[106.07178774161389,2.6981249797679254],[106.07178774161389,-6.18355081414839]]]}