{"marker":[[1,[101.01751990184243,2.171849637043934],50],[1,[106.21748374554369,-4.62498385739471],68],[1,[107.64681050643406,-2.1355010350444417],29],[1,[109.7444412582571,-5.018827837484835],50],[1,[117.44578356539961,-6.7220671561215255],99],[1,[113.56906142833265,1.9017722134870212],95],[1,[119.76571068389921,0.4470751183600328],50]],"text":[["TREG-1",[101.36094610573787,-0.06243514705091968]],["TREG-2",[105.87272029926021,-6.739339820560488]],["TREG-3",[107.6574288849128,-7.7756601269119585]],["TREG-4",[110.04038943526729,-6.62746558982677]],["TREG-5",[117.63575328919802,-8.726187329485043]],["TREG-6",[114.32743182895416,-0.16915496078162562]],["TREG-7",[120.17796300933799,-1.911072278713334]]],"lines":[[[107.67617218588958,-6.509196464443107],[107.67617218588958,-3.181733192937685]]]}