{"marker":[[1,[97.80716682147266,4.533013958232772],50],[1,[103.66354740334253,-1.5927763924505172],95],[1,[99.40442446558166,-8.098021119884876],32],[1,[106.97918441141911,-4.41905166649596],1],[1,[109.57233951180297,-5.4398217857000475],50],[1,[112.261769983357,-5.474482896985094],71],[1,[118.4095413701927,-6.705105608759695],95],[1,[113.53336669482127,1.7218511936281402],1],[1,[120.26259267185094,-0.009852859952687254],32],[1,[101.47647062575993,1.690688494548283],71],[1,[132.09616554093674,0.7226387276863875],50],[1,[97.78139281557475,-3.732023804820926],32]],"text":[["01-SUMBAGUT",[98.32530792185077,2.5401265839919347]],["02-SUMBAGSEL",[103.50203270477454,-3.422738898667987]],["03-JABOTABEK INNER",[99.55399435985038,-9.745250026170183]],["04-JAWA BARAT",[106.6859345958431,-7.163048082529883]],["05-JAWA TENGAH",[108.85098788177027,-7.857493181008834]],["06-JAWA TIMUR",[112.12410211798914,-8.581279472326827]],["07-BALI NUSRA",[118.15044829452421,-8.69258902018133]],["08-KALIMANTAN",[113.7211712546706,-0.31211881115152096]],["09-SULAWESI",[120.45013250153221,-1.819101912378386]],["10-SUMBAGTENG",[100.8038119722404,0.11603446828534913]],["11-PUMA",[132.5622627458838,-1.3886181430553677]],["12-JABOTABEK OUTER",[97.57997518738745,-5.580983336812423]]],"lines":[[[106.74262082066116,-6.394163385956759],[103.48801240517719,-9.786727588946789],[102.79481006871481,-9.833536312342389]],[[101.16951878486981,-5.666488035371813],[104.79065589672217,-5.666488035371813],[105.9177505509598,-6.460009536350597]]]}